kaggle_id,model_predicted_binary,actual_result
nViIhdct/,0,1
rHR7YhCO/,0,1
rHmwlYBB/,0,1
v7X5fxXC/,0,1
xKpVkfsa/,1,1
zsTcfs5l/,0,0
8bLa5Ztn/,0,1
CCTGkmoo/,0,1
Eyltdk8H/,0,0
KElxcVhB/,0,0
KbOr3eR3/,0,1
UD983DBb/,0,1
bTcfeMoG/,0,1
v5tUbiOb/,0,1
4nQf0gBM/,0,1
A3skfTxU/,0,1
MTVYcBw5/,0,1
OxGl3xlJ/,0,1
b7GOaVAN/,0,1
fcOX6Klf/,0,0
jNA44gdh/,0,1
n1hPLndF/,0,1
464Rd2fq/,0,1
8b9FAlNA/,0,1
QLhzetPe/,0,1
hGCP4kPN/,0,1
tGkWHwes/,0,1
zRQCCrJ1/,0,1
ETmvGHPg/,0,1
vD8L5V9H/,0,0
vPdvf0v2/,0,1
xbybEUPG/,0,1
WIqQH3W8/,0,1
praVE1GR/,1,1
rJv68age/,0,1
jsR5L5yT/,0,0
2LfOwmic/,1,1
2uJbVO7h/,0,0
44FFRt7H/,0,0
8YPOyRL9/,0,1
AJeBEP5n/,0,0
dvC7T2x5/,0,0
jJzHqYxG/,0,0
vqLjwWFq/,0,1
6okKC3za/,0,0
S41oaDx3/,0,0
URKjXpwt/,0,1
dCueCZOI/,0,1
fis8of83/,0,1
tCgSx763/,0,0
xzZOsC7S/,0,0
zBEayApd/,0,1
U9ZKrhhM/,0,1
8bcsttMA/,0,0
2DKlSrzn/,0,1
4QjjvKjN/,0,1
4pPjIRW7/,0,0
8d8BSMrd/,0,0
CfEFMtOg/,0,0
dKLrKm2e/,1,1
fZsxqrxh/,0,0
fkSzZO5S/,0,0
jLXezZ12/,0,1
nPOSzoyG/,0,1
vN37T2Tk/,0,0
A33YEGYH/,0,0
M11ou0yH/,0,0
dIz4YCWE/,0,1
juQ6O2gs/,0,1
rHkfwv6T/,0,0
OWjpEro0/,1,1
4lwgz0hg/,0,1
4nWrZqNP/,0,0
8tbIt2FP/,0,1
APSZzh01/,1,0
CpqeV8ne/,0,1
KbpgCMFC/,0,1
O6T7TFmB/,0,0
Qcvkytwm/,1,0
WSSEkwY9/,0,1
YsbXGp1s/,0,0
bBGRJv8C/,0,0
dAz2huli/,0,1
fmDRqyYi/,0,1
zRhdzBkk/,0,1
AT8BU3Vt/,0,1
G4K8d16i/,0,0
GnBWIbNI/,0,0
GtQaVyJb/,0,1
xjReWH3h/,0,1
nZ3zPaaI/,0,0
6LNXrSGf/,0,1
8tzAWHiI/,0,1
8vDZmUJl/,0,0
C8R3gjdR/,0,1
OWCFTNpm/,0,1
QF7vmlZf/,0,0
fwW5XcxC/,0,0
hrTDZmJu/,0,0
lGRwzCF7/,0,1
lYnlrNat/,0,0
pbs3TnH7/,0,0
tfYHUeMU/,0,0
06Pkij9E/,0,1
CEt1YwN5/,0,0
QeRLXRmh/,0,0
YwEqnLa7/,0,1
fTOgjAOK/,0,0
hC4WPupC/,1,1
vaVPWo3b/,0,1
vuLzlsVf/,0,1
vy5Z8r7K/,0,1
6RMSk30r/,0,0
Aqo9X8Z7/,0,1
bLo63MUs/,0,0
hQq5vua5/,0,0
ptbEzcbU/,0,1
ITSSgKbh/,0,1
M1ZJetUu/,0,1
WWh28JDo/,0,0
fs4S49wE/,0,0
6ZEBodFm/,0,1
6sa8e500/,0,0
8vNtT32N/,1,1
Gh6eb7Gs/,0,1
IkjaooIi/,0,0
dKRWhvEb/,0,1
vaienR2o/,0,1
A39jpnJD/,0,1
AF5acRVm/,0,0
EaIJqzp0/,0,1
UmOxUqmH/,1,1
bT5noS37/,0,1
h6NilGST/,0,1
lpq36A2J/,0,0
pCIMcIbJ/,1,1
j3CoSNHT/,0,1
0W8gdDT5/,0,0
29UxBp0m/,0,1
46xLtNWM/,0,1
6wq7G6xQ/,1,1
I7JlcgEa/,0,0
OIVYBQps/,0,1
OOphFvoi/,0,1
f3u3HnNJ/,0,1
vHKpbZbg/,1,1
0CpJ4yDA/,0,1
6TB1fibI/,0,0
A3LgomCk/,0,0
E72GgqVC/,0,0
KCmKsEEC/,0,1
MsmGs3HG/,0,0
WjHx0eUt/,0,0
fy1wa4ni/,0,0
hWMfzL9j/,0,1
xni8BdpG/,0,1
lWF1kiFf/,0,1
pIa49C6Q/,0,1
xhddBYyE/,0,0
zmIDnkaD/,0,1
z3tn2Zfk/,0,0
MyflIfjP/,0,0
8fLWJ7IE/,0,1
A5WeaSrJ/,0,1
EevtcpB1/,0,0
I7uKCYDn/,0,0
IaV2lWsR/,0,1
SGF25tUO/,0,0
WEXi08TC/,0,0
fiec583L/,0,1
pMZybQee/,0,1
rg1AIkqs/,0,0
tQvu3Aqf/,0,0
Ewwm1lE6/,0,0
MXyfjhDE/,0,0
O6oTanRr/,0,0
O8KwOBLJ/,0,1
Q5fGO3Un/,0,0
SzlsIXNm/,0,1
hbNk8rp6/,0,0
hnwpd4Q7/,1,1
jZz5TU51/,0,1
zuIUqjjr/,0,1
pKA5gBDO/,1,1
8ljyKuqI/,0,0
EPeiQG5i/,0,1
2wdBV4HQ/,0,1
EHFG9Nf7/,0,1
IkM7BqQf/,0,0
KE66Wp2K/,0,1
MkaaOfz4/,0,1
OSM3CPAl/,0,1
hGfePzLc/,0,1
4K9ot8k7/,0,0
AcAsslz1/,0,1
ObJ5o3Rn/,0,1
W6BwrUKf/,0,1
GKEHGTDg/,0,0
Oj5xC5SO/,0,0
jw7UDRcC/,0,0
08lLzk5P/,0,0
UTR3SQC5/,0,0
Iiqt9xCp/,1,1
Wfmp8dRj/,0,1
b3W7RpSB/,0,1
jwTaT6ca/,0,0
xfVBQ4sI/,0,0
AcnAL6Uu/,0,1
OKhQHOT4/,0,0
lloEKQqn/,0,1
dGubEkNC/,0,1
z7v2D9xJ/,0,0
CtRNuaeO/,0,1
rDV3CPJ3/,0,1
AycheveB/,0,1
M3U7BqZ9/,0,0
noxeEoki/,0,0
EBnF9N3M/,0,0
0nc1LKgJ/,0,0
EVfkOM90/,0,1
MH9tQrl3/,0,0
OlzWVaJc/,0,1
OpzTBjM8/,0,0
Ot2xROPs/,0,0
trzlqOoQ/,0,1
CQMFvrfs/,0,1
Gv9pP239/,0,0
IgfbdBML/,0,0
MLkUjkpq/,0,1
UogxkTEe/,0,1
jHguSHIM/,1,0
pGELGvBk/,0,1
G0dg6llF/,0,1
6V2UEIu2/,0,1
CpNMve2S/,0,0
CtgqEACd/,0,1
KYS3THfe/,0,0
ULy990yo/,0,1
YuBOxMOg/,0,0
pKC2qJmc/,1,1
8bTG0QD7/,0,0
EeS7SyA1/,0,1
I7ZWAAyF/,0,1
U7UC16b1/,0,1
jHLJw29m/,0,0
r5V5rw33/,0,0
r5m8MY4G/,0,0
trUaUcuk/,0,0
xSU9scI9/,0,0
z5L2OT5E/,0,1
